<?xml version="1.0" encoding="UTF-8"?>

<scenario:scenario xmlns:scenario="urn:roborescue:map:scenario">
  <scenario:refuge scenario:location="10880" scenario:bedCapacity="60" />
  <scenario:refuge scenario:location="10099" scenario:bedCapacity="60" />
  <scenario:refuge scenario:location="17091" scenario:bedCapacity="60" />
  <scenario:refuge scenario:location="6246" scenario:bedCapacity="60" />
  <scenario:civilian scenario:location="21291" />
  <scenario:civilian scenario:location="22973" />
  <scenario:civilian scenario:location="8861" />
  <scenario:civilian scenario:location="26318" />
  <scenario:civilian scenario:location="4822" />
  <scenario:civilian scenario:location="23607" />
  <scenario:civilian scenario:location="25887" />
  <scenario:civilian scenario:location="7665" />
  <scenario:civilian scenario:location="19306" />
  <scenario:civilian scenario:location="78766" />
  <scenario:civilian scenario:location="8776" />
  <scenario:civilian scenario:location="22723" />
  <scenario:civilian scenario:location="8237" />
  <scenario:civilian scenario:location="15791" />
  <scenario:civilian scenario:location="14782" />
  <scenario:civilian scenario:location="8076" />
  <scenario:civilian scenario:location="18382" />
  <scenario:civilian scenario:location="22512" />
  <scenario:civilian scenario:location="17286" />
  <scenario:civilian scenario:location="1656" />
  <scenario:civilian scenario:location="23849" />
  <scenario:civilian scenario:location="19151" />
  <scenario:civilian scenario:location="18346" />
  <scenario:civilian scenario:location="10783" />
  <scenario:civilian scenario:location="22410" />
  <scenario:civilian scenario:location="7988" />
  <scenario:civilian scenario:location="25457" />
  <scenario:civilian scenario:location="25066" />
  <scenario:civilian scenario:location="2022" />
  <scenario:civilian scenario:location="9704" />
  <scenario:civilian scenario:location="2933" />
  <scenario:civilian scenario:location="79047" />
  <scenario:civilian scenario:location="19909" />
  <scenario:civilian scenario:location="7147" />
  <scenario:civilian scenario:location="13206" />
  <scenario:civilian scenario:location="9555" />
  <scenario:civilian scenario:location="4801" />
  <scenario:civilian scenario:location="26497" />
  <scenario:civilian scenario:location="25915" />
  <scenario:civilian scenario:location="2465" />
  <scenario:civilian scenario:location="5877" />
  <scenario:civilian scenario:location="24657" />
  <scenario:civilian scenario:location="9718" />
  <scenario:civilian scenario:location="19421" />
  <scenario:civilian scenario:location="14270" />
  <scenario:civilian scenario:location="15978" />
  <scenario:civilian scenario:location="17732" />
  <scenario:civilian scenario:location="22098" />
  <scenario:civilian scenario:location="21668" />
  <scenario:civilian scenario:location="26561" />
  <scenario:civilian scenario:location="79216" />
  <scenario:civilian scenario:location="17732" />
  <scenario:civilian scenario:location="21609" />
  <scenario:civilian scenario:location="20239" />
  <scenario:civilian scenario:location="11849" />
  <scenario:civilian scenario:location="78833" />
  <scenario:civilian scenario:location="78706" />
  <scenario:civilian scenario:location="23508" />
  <scenario:civilian scenario:location="19454" />
  <scenario:civilian scenario:location="18464" />
  <scenario:civilian scenario:location="3995" />
  <scenario:civilian scenario:location="9633" />
  <scenario:civilian scenario:location="3601" />
  <scenario:civilian scenario:location="14561" />
  <scenario:civilian scenario:location="4366" />
  <scenario:civilian scenario:location="11535" />
  <scenario:civilian scenario:location="562" />
  <scenario:civilian scenario:location="15206" />
  <scenario:civilian scenario:location="22023" />
  <scenario:civilian scenario:location="22955" />
  <scenario:civilian scenario:location="26012" />
  <scenario:civilian scenario:location="22542" />
  <scenario:civilian scenario:location="24468" />
  <scenario:civilian scenario:location="79062" />
  <scenario:civilian scenario:location="7277" />
  <scenario:civilian scenario:location="10880" />
  <scenario:civilian scenario:location="18889" />
  <scenario:civilian scenario:location="11642" />
  <scenario:civilian scenario:location="18472" />
  <scenario:civilian scenario:location="3761" />
  <scenario:civilian scenario:location="71845" />
  <scenario:civilian scenario:location="63962" />
  <scenario:civilian scenario:location="74341" />
  <scenario:civilian scenario:location="60603" />
  <scenario:civilian scenario:location="53115" />
  <scenario:civilian scenario:location="48854" />
  <scenario:civilian scenario:location="71752" />
  <scenario:civilian scenario:location="64613" />
  <scenario:civilian scenario:location="64358" />
  <scenario:civilian scenario:location="48361" />
  <scenario:civilian scenario:location="56351" />
  <scenario:civilian scenario:location="74302" />
  <scenario:civilian scenario:location="67488" />
  <scenario:civilian scenario:location="58290" />
  <scenario:civilian scenario:location="66530" />
  <scenario:civilian scenario:location="64571" />
  <scenario:civilian scenario:location="74103" />
  <scenario:civilian scenario:location="49762" />
  <scenario:civilian scenario:location="49274" />
  <scenario:civilian scenario:location="69740" />
  <scenario:civilian scenario:location="54596" />
  <scenario:civilian scenario:location="57570" />
  <scenario:civilian scenario:location="59986" />
  <scenario:civilian scenario:location="58364" />
  <scenario:civilian scenario:location="67874" />
  <scenario:civilian scenario:location="69606" />
  <scenario:civilian scenario:location="47708" />
  <scenario:civilian scenario:location="49032" />
  <scenario:civilian scenario:location="78073" />
  <scenario:civilian scenario:location="76174" />
  <scenario:civilian scenario:location="57556" />
  <scenario:civilian scenario:location="55112" />
  <scenario:civilian scenario:location="75627" />
  <scenario:civilian scenario:location="67102" />
  <scenario:civilian scenario:location="62669" />
  <scenario:civilian scenario:location="57986" />
  <scenario:civilian scenario:location="55842" />
  <scenario:civilian scenario:location="71845" />
  <scenario:civilian scenario:location="77440" />
  <scenario:civilian scenario:location="64568" />
  <scenario:civilian scenario:location="47276" />
  <scenario:civilian scenario:location="65000" />
  <scenario:civilian scenario:location="74954" />
  <scenario:civilian scenario:location="58225" />
  <scenario:civilian scenario:location="50214" />
  <scenario:civilian scenario:location="71788" />
  <scenario:civilian scenario:location="74872" />
  <scenario:civilian scenario:location="61034" />
  <scenario:civilian scenario:location="51316" />
  <scenario:civilian scenario:location="54749" />
  <scenario:civilian scenario:location="11697" />
  <scenario:civilian scenario:location="13347" />
  <scenario:civilian scenario:location="6622" />
  <scenario:civilian scenario:location="10574" />
  <scenario:civilian scenario:location="23242" />
  <scenario:civilian scenario:location="10255" />
  <scenario:civilian scenario:location="79110" />
  <scenario:civilian scenario:location="26522" />
  <scenario:civilian scenario:location="25528" />
  <scenario:civilian scenario:location="78833" />
  <scenario:civilian scenario:location="16142" />
  <scenario:civilian scenario:location="15808" />
  <scenario:civilian scenario:location="20614" />
  <scenario:civilian scenario:location="18433" />
  <scenario:civilian scenario:location="2275" />
  <scenario:civilian scenario:location="25740" />
  <scenario:civilian scenario:location="20781" />
  <scenario:civilian scenario:location="23476" />
  <scenario:civilian scenario:location="2600" />
  <scenario:civilian scenario:location="712" />
  <scenario:civilian scenario:location="79082" />
  <scenario:civilian scenario:location="23549" />
  <scenario:civilian scenario:location="11561" />
  <scenario:civilian scenario:location="2824" />
  <scenario:civilian scenario:location="12710" />
  <scenario:civilian scenario:location="21347" />
  <scenario:civilian scenario:location="17881" />
  <scenario:civilian scenario:location="11889" />
  <scenario:civilian scenario:location="15091" />
  <scenario:civilian scenario:location="12611" />
  <scenario:civilian scenario:location="20786" />
  <scenario:civilian scenario:location="19956" />
  <scenario:civilian scenario:location="22504" />
  <scenario:civilian scenario:location="22600" />
  <scenario:civilian scenario:location="24382" />
  <scenario:civilian scenario:location="20752" />
  <scenario:civilian scenario:location="9746" />
  <scenario:civilian scenario:location="26386" />
  <scenario:civilian scenario:location="7750" />
  <scenario:civilian scenario:location="12564" />
  <scenario:civilian scenario:location="15471" />
  <scenario:civilian scenario:location="3704" />
  <scenario:civilian scenario:location="2619" />
  <scenario:civilian scenario:location="78977" />
  <scenario:civilian scenario:location="24200" />
  <scenario:civilian scenario:location="14517" />
  <scenario:civilian scenario:location="16899" />
  <scenario:civilian scenario:location="5119" />
  <scenario:civilian scenario:location="6817" />
  <scenario:civilian scenario:location="12923" />
  <scenario:civilian scenario:location="25705" />
  <scenario:civilian scenario:location="78720" />
  <scenario:civilian scenario:location="24984" />
  <scenario:civilian scenario:location="22976" />
  <scenario:civilian scenario:location="15584" />
  <scenario:civilian scenario:location="18792" />
  <scenario:civilian scenario:location="17952" />
  <scenario:civilian scenario:location="16722" />
  <scenario:civilian scenario:location="79210" />
  <scenario:civilian scenario:location="22608" />
  <scenario:civilian scenario:location="13172" />
  <scenario:civilian scenario:location="25019" />
  <scenario:civilian scenario:location="24963" />
  <scenario:civilian scenario:location="15026" />
  <scenario:civilian scenario:location="2465" />
  <scenario:civilian scenario:location="6832" />
  <scenario:civilian scenario:location="23716" />
  <scenario:civilian scenario:location="5220" />
  <scenario:civilian scenario:location="25300" />
  <scenario:civilian scenario:location="25570" />
  <scenario:civilian scenario:location="78971" />
  <scenario:civilian scenario:location="5355" />
  <scenario:civilian scenario:location="20360" />
  <scenario:civilian scenario:location="16346" />
  <scenario:civilian scenario:location="12816" />
  <scenario:civilian scenario:location="22228" />
  <scenario:civilian scenario:location="20907" />
  <scenario:civilian scenario:location="3423" />
  <scenario:civilian scenario:location="13573" />
  <scenario:civilian scenario:location="20414" />
  <scenario:civilian scenario:location="79062" />
  <scenario:civilian scenario:location="19201" />
  <scenario:civilian scenario:location="26331" />
  <scenario:civilian scenario:location="23284" />
  <scenario:civilian scenario:location="12286" />
  <scenario:civilian scenario:location="19158" />
  <scenario:civilian scenario:location="13011" />
  <scenario:civilian scenario:location="79017" />
  <scenario:civilian scenario:location="24849" />
  <scenario:civilian scenario:location="16876" />
  <scenario:civilian scenario:location="6354" />
  <scenario:civilian scenario:location="20565" />
  <scenario:civilian scenario:location="2548" />
  <scenario:civilian scenario:location="22165" />
  <scenario:civilian scenario:location="11815" />
  <scenario:civilian scenario:location="3995" />
  <scenario:civilian scenario:location="78998" />
  <scenario:civilian scenario:location="22468" />
  <scenario:civilian scenario:location="18641" />
  <scenario:civilian scenario:location="22554" />
  <scenario:firebrigade scenario:location="64728" />
  <scenario:firebrigade scenario:location="64728" />
  <scenario:firebrigade scenario:location="64728" />
  <scenario:firebrigade scenario:location="51606" />
  <scenario:firebrigade scenario:location="51606" />
  <scenario:firebrigade scenario:location="51606" />
  <scenario:firebrigade scenario:location="51606" />
  <scenario:firebrigade scenario:location="51606" />
  <scenario:firebrigade scenario:location="51606" />
  <scenario:firebrigade scenario:location="51606" />
  <scenario:firebrigade scenario:location="75507" />
  <scenario:firebrigade scenario:location="75507" />
  <scenario:firebrigade scenario:location="75507" />
  <scenario:firebrigade scenario:location="75507" />
  <scenario:firebrigade scenario:location="75507" />
  <scenario:firebrigade scenario:location="75507" />
  <scenario:firebrigade scenario:location="75507" />
  <scenario:firebrigade scenario:location="75507" />
  <scenario:firebrigade scenario:location="75507" />
  <scenario:firebrigade scenario:location="75507" />
  <scenario:firebrigade scenario:location="75507" />
  <scenario:firebrigade scenario:location="75507" />
  <scenario:firebrigade scenario:location="75679" />
  <scenario:firebrigade scenario:location="75679" />
  <scenario:firebrigade scenario:location="75679" />
  <scenario:firebrigade scenario:location="75679" />
  <scenario:firebrigade scenario:location="75679" />
  <scenario:firebrigade scenario:location="75679" />
  <scenario:firebrigade scenario:location="75679" />
  <scenario:firebrigade scenario:location="75679" />
  <scenario:firebrigade scenario:location="75679" />
  <scenario:firebrigade scenario:location="75679" />
  <scenario:firebrigade scenario:location="75679" />
  <scenario:firebrigade scenario:location="57826" />
  <scenario:firebrigade scenario:location="57826" />
  <scenario:firebrigade scenario:location="57826" />
  <scenario:firebrigade scenario:location="57826" />
  <scenario:firebrigade scenario:location="57826" />
  <scenario:firebrigade scenario:location="57826" />
  <scenario:firebrigade scenario:location="57826" />
  <scenario:firebrigade scenario:location="57826" />
  <scenario:firebrigade scenario:location="57826" />
  <scenario:firebrigade scenario:location="57826" />
  <scenario:firebrigade scenario:location="57826" />
  <scenario:firebrigade scenario:location="57826" />
  <scenario:firebrigade scenario:location="57826" />
  <scenario:firebrigade scenario:location="57826" />
  <scenario:firebrigade scenario:location="57826" />
  <scenario:firebrigade scenario:location="57826" />
  <scenario:firebrigade scenario:location="57826" />
  <scenario:firestation scenario:location="23278" />
  <scenario:policeforce scenario:location="51843" />
  <scenario:policeforce scenario:location="72103" />
  <scenario:policeforce scenario:location="69510" />
  <scenario:policeforce scenario:location="77464" />
  <scenario:policeforce scenario:location="65772" />
  <scenario:policeforce scenario:location="67605" />
  <scenario:policeforce scenario:location="68646" />
  <scenario:policeforce scenario:location="72440" />
  <scenario:policeforce scenario:location="71478" />
  <scenario:policeforce scenario:location="78259" />
  <scenario:policeforce scenario:location="58246" />
  <scenario:policeforce scenario:location="77548" />
  <scenario:policeforce scenario:location="78016" />
  <scenario:policeforce scenario:location="61303" />
  <scenario:policeforce scenario:location="71995" />
  <scenario:policeforce scenario:location="46819" />
  <scenario:policeforce scenario:location="77314" />
  <scenario:policeforce scenario:location="75964" />
  <scenario:policeforce scenario:location="52226" />
  <scenario:policeforce scenario:location="54756" />
  <scenario:policeforce scenario:location="47417" />
  <scenario:policeforce scenario:location="59738" />
  <scenario:policeforce scenario:location="69994" />
  <scenario:policeforce scenario:location="58329" />
  <scenario:policeforce scenario:location="58938" />
  <scenario:policeforce scenario:location="55165" />
  <scenario:policeforce scenario:location="62272" />
  <scenario:policeforce scenario:location="54152" />
  <scenario:policeforce scenario:location="25422" />
  <scenario:policeforce scenario:location="14347" />
  <scenario:policeforce scenario:location="79067" />
  <scenario:policeforce scenario:location="79115" />
  <scenario:policeforce scenario:location="24103" />
  <scenario:policeforce scenario:location="26690" />
  <scenario:policeforce scenario:location="79035" />
  <scenario:policeforce scenario:location="189" />
  <scenario:policeforce scenario:location="18456" />
  <scenario:policeforce scenario:location="24129" />
  <scenario:policeforce scenario:location="12204" />
  <scenario:policeforce scenario:location="17177" />
  <scenario:policeforce scenario:location="25332" />
  <scenario:policeforce scenario:location="10457" />
  <scenario:policeforce scenario:location="14264" />
  <scenario:policeforce scenario:location="78736" />
  <scenario:policeforce scenario:location="5615" />
  <scenario:policeforce scenario:location="9150" />
  <scenario:policeforce scenario:location="7744" />
  <scenario:policeforce scenario:location="891" />
  <scenario:policeoffice scenario:location="78781" />
  <scenario:ambulanceteam scenario:location="77846" />
  <scenario:ambulanceteam scenario:location="77846" />
  <scenario:ambulanceteam scenario:location="77846" />
  <scenario:ambulanceteam scenario:location="77846" />
  <scenario:ambulanceteam scenario:location="77846" />
  <scenario:ambulanceteam scenario:location="77846" />
  <scenario:ambulanceteam scenario:location="77846" />
  <scenario:ambulanceteam scenario:location="77846" />
  <scenario:ambulanceteam scenario:location="77846" />
  <scenario:ambulanceteam scenario:location="77846" />
  <scenario:ambulanceteam scenario:location="77846" />
  <scenario:ambulanceteam scenario:location="77846" />
  <scenario:ambulanceteam scenario:location="77846" />
  <scenario:ambulanceteam scenario:location="77846" />
  <scenario:ambulanceteam scenario:location="77846" />
  <scenario:ambulanceteam scenario:location="77846" />
  <scenario:ambulanceteam scenario:location="77846" />
  <scenario:ambulanceteam scenario:location="77846" />
  <scenario:ambulanceteam scenario:location="77846" />
  <scenario:ambulanceteam scenario:location="77846" />
  <scenario:ambulanceteam scenario:location="77846" />
  <scenario:ambulanceteam scenario:location="77846" />
  <scenario:ambulanceteam scenario:location="77846" />
  <scenario:ambulanceteam scenario:location="77846" />
  <scenario:ambulanceteam scenario:location="77846" />
  <scenario:ambulanceteam scenario:location="77846" />
  <scenario:ambulanceteam scenario:location="77846" />
  <scenario:ambulanceteam scenario:location="77846" />
  <scenario:ambulanceteam scenario:location="77846" />
  <scenario:ambulanceteam scenario:location="77846" />
  <scenario:ambulanceteam scenario:location="77846" />
  <scenario:ambulanceteam scenario:location="77846" />
  <scenario:ambulanceteam scenario:location="77889" />
  <scenario:ambulanceteam scenario:location="77889" />
  <scenario:ambulanceteam scenario:location="77889" />
  <scenario:ambulanceteam scenario:location="77889" />
  <scenario:ambulanceteam scenario:location="77889" />
  <scenario:ambulanceteam scenario:location="77889" />
  <scenario:ambulanceteam scenario:location="77889" />
  <scenario:ambulanceteam scenario:location="77889" />
  <scenario:ambulanceteam scenario:location="77889" />
  <scenario:ambulanceteam scenario:location="77889" />
  <scenario:ambulanceteam scenario:location="77889" />
  <scenario:ambulanceteam scenario:location="77889" />
  <scenario:ambulanceteam scenario:location="77889" />
  <scenario:ambulanceteam scenario:location="77889" />
  <scenario:ambulanceteam scenario:location="77889" />
  <scenario:ambulanceteam scenario:location="77889" />
  <scenario:ambulanceteam scenario:location="77889" />
  <scenario:ambulancecentre scenario:location="22700" />
</scenario:scenario>