<?xml version="1.0" encoding="UTF-8"?>

<scenario:scenario xmlns:scenario="urn:roborescue:map:scenario">
  <scenario:refuge scenario:location="1360" scenario:bedCapacity="10" />
  <scenario:refuge scenario:location="7523" scenario:bedCapacity="10" />
  <scenario:refuge scenario:location="4005" scenario:bedCapacity="10" />
  <scenario:refuge scenario:location="1674" scenario:bedCapacity="10" />
  <scenario:refuge scenario:location="1210" scenario:bedCapacity="10" />
  <scenario:refuge scenario:location="3597" scenario:bedCapacity="10" />
  <scenario:civilian scenario:location="4305" />
  <scenario:civilian scenario:location="2657" />
  <scenario:civilian scenario:location="8180" />
  <scenario:civilian scenario:location="3474" />
  <scenario:civilian scenario:location="4205" />
  <scenario:civilian scenario:location="7424" />
  <scenario:civilian scenario:location="5597" />
  <scenario:civilian scenario:location="7299" />
  <scenario:civilian scenario:location="6267" />
  <scenario:civilian scenario:location="5758" />
  <scenario:civilian scenario:location="7180" />
  <scenario:civilian scenario:location="3864" />
  <scenario:civilian scenario:location="4068" />
  <scenario:civilian scenario:location="2785" />
  <scenario:civilian scenario:location="4848" />
  <scenario:civilian scenario:location="2140" />
  <scenario:civilian scenario:location="4406" />
  <scenario:civilian scenario:location="5000" />
  <scenario:civilian scenario:location="1154" />
  <scenario:civilian scenario:location="5861" />
  <scenario:civilian scenario:location="427" />
  <scenario:civilian scenario:location="2848" />
  <scenario:civilian scenario:location="6009" />
  <scenario:civilian scenario:location="4388" />
  <scenario:civilian scenario:location="3104" />
  <scenario:civilian scenario:location="7742" />
  <scenario:civilian scenario:location="4915" />
  <scenario:civilian scenario:location="5222" />
  <scenario:civilian scenario:location="5588" />
  <scenario:civilian scenario:location="6601" />
  <scenario:civilian scenario:location="7180" />
  <scenario:civilian scenario:location="1584" />
  <scenario:civilian scenario:location="4160" />
  <scenario:civilian scenario:location="7317" />
  <scenario:civilian scenario:location="4790" />
  <scenario:civilian scenario:location="5991" />
  <scenario:civilian scenario:location="3032" />
  <scenario:civilian scenario:location="2066" />
  <scenario:civilian scenario:location="700" />
  <scenario:civilian scenario:location="7254" />
  <scenario:civilian scenario:location="4935" />
  <scenario:civilian scenario:location="3909" />
  <scenario:civilian scenario:location="3637" />
  <scenario:civilian scenario:location="4750" />
  <scenario:civilian scenario:location="1739" />
  <scenario:civilian scenario:location="1918" />
  <scenario:civilian scenario:location="6249" />
  <scenario:civilian scenario:location="212" />
  <scenario:civilian scenario:location="2675" />
  <scenario:civilian scenario:location="6952" />
  <scenario:civilian scenario:location="1907" />
  <scenario:civilian scenario:location="7290" />
  <scenario:civilian scenario:location="4234" />
  <scenario:civilian scenario:location="3474" />
  <scenario:civilian scenario:location="2749" />
  <scenario:civilian scenario:location="2630" />
  <scenario:civilian scenario:location="8153" />
  <scenario:civilian scenario:location="7613" />
  <scenario:civilian scenario:location="1423" />
  <scenario:civilian scenario:location="6049" />
  <scenario:civilian scenario:location="5287" />
  <scenario:civilian scenario:location="964" />
  <scenario:civilian scenario:location="5065" />
  <scenario:civilian scenario:location="6612" />
  <scenario:civilian scenario:location="5110" />
  <scenario:civilian scenario:location="4178" />
  <scenario:civilian scenario:location="915" />
  <scenario:civilian scenario:location="6561" />
  <scenario:civilian scenario:location="7879" />
  <scenario:civilian scenario:location="7158" />
  <scenario:civilian scenario:location="5570" />
  <scenario:civilian scenario:location="5343" />
  <scenario:civilian scenario:location="1000" />
  <scenario:civilian scenario:location="5101" />
  <scenario:civilian scenario:location="5352" />
  <scenario:civilian scenario:location="7415" />
  <scenario:civilian scenario:location="4305" />
  <scenario:civilian scenario:location="5955" />
  <scenario:civilian scenario:location="3261" />
  <scenario:civilian scenario:location="3299" />
  <scenario:civilian scenario:location="120" />
  <scenario:civilian scenario:location="7796" />
  <scenario:civilian scenario:location="3987" />
  <scenario:civilian scenario:location="3729" />
  <scenario:civilian scenario:location="5655" />
  <scenario:civilian scenario:location="4944" />
  <scenario:civilian scenario:location="982" />
  <scenario:civilian scenario:location="1172" />
  <scenario:civilian scenario:location="1994" />
  <scenario:civilian scenario:location="3927" />
  <scenario:civilian scenario:location="7613" />
  <scenario:civilian scenario:location="3389" />
  <scenario:civilian scenario:location="1255" />
  <scenario:civilian scenario:location="1528" />
  <scenario:civilian scenario:location="1795" />
  <scenario:civilian scenario:location="7234" />
  <scenario:civilian scenario:location="3864" />
  <scenario:civilian scenario:location="7523" />
  <scenario:civilian scenario:location="7769" />
  <scenario:civilian scenario:location="2480" />
  <scenario:civilian scenario:location="414" />
  <scenario:civilian scenario:location="2286" />
  <scenario:civilian scenario:location="507" />
  <scenario:civilian scenario:location="3398" />
  <scenario:civilian scenario:location="7460" />
  <scenario:civilian scenario:location="3918" />
  <scenario:civilian scenario:location="3371" />
  <scenario:civilian scenario:location="7326" />
  <scenario:civilian scenario:location="7523" />
  <scenario:civilian scenario:location="5852" />
  <scenario:civilian scenario:location="4314" />
  <scenario:civilian scenario:location="5935" />
  <scenario:civilian scenario:location="807" />
  <scenario:civilian scenario:location="4652" />
  <scenario:civilian scenario:location="6000" />
  <scenario:civilian scenario:location="7131" />
  <scenario:civilian scenario:location="7720" />
  <scenario:civilian scenario:location="5561" />
  <scenario:civilian scenario:location="7814" />
  <scenario:civilian scenario:location="4361" />
  <scenario:civilian scenario:location="5588" />
  <scenario:civilian scenario:location="3407" />
  <scenario:civilian scenario:location="7019" />
  <scenario:civilian scenario:location="1029" />
  <scenario:civilian scenario:location="405" />
  <scenario:civilian scenario:location="4133" />
  <scenario:civilian scenario:location="816" />
  <scenario:civilian scenario:location="6303" />
  <scenario:civilian scenario:location="4272" />
  <scenario:civilian scenario:location="7353" />
  <scenario:civilian scenario:location="53" />
  <scenario:civilian scenario:location="1047" />
  <scenario:civilian scenario:location="6525" />
  <scenario:civilian scenario:location="5433" />
  <scenario:civilian scenario:location="2250" />
  <scenario:civilian scenario:location="3954" />
  <scenario:civilian scenario:location="183" />
  <scenario:civilian scenario:location="7180" />
  <scenario:civilian scenario:location="387" />
  <scenario:civilian scenario:location="4115" />
  <scenario:civilian scenario:location="6114" />
  <scenario:civilian scenario:location="2830" />
  <scenario:civilian scenario:location="4388" />
  <scenario:civilian scenario:location="787" />
  <scenario:civilian scenario:location="1228" />
  <scenario:civilian scenario:location="7951" />
  <scenario:civilian scenario:location="3326" />
  <scenario:civilian scenario:location="6534" />
  <scenario:civilian scenario:location="5588" />
  <scenario:civilian scenario:location="7662" />
  <scenario:civilian scenario:location="8229" />
  <scenario:civilian scenario:location="3299" />
  <scenario:civilian scenario:location="2471" />
  <scenario:civilian scenario:location="534" />
  <scenario:civilian scenario:location="6561" />
  <scenario:civilian scenario:location="7823" />
  <scenario:civilian scenario:location="6592" />
  <scenario:civilian scenario:location="3864" />
  <scenario:civilian scenario:location="8135" />
  <scenario:civilian scenario:location="7834" />
  <scenario:civilian scenario:location="6652" />
  <scenario:civilian scenario:location="747" />
  <scenario:firebrigade scenario:location="3819" />
  <scenario:firebrigade scenario:location="19063" />
  <scenario:firebrigade scenario:location="22757" />
  <scenario:firebrigade scenario:location="22506" />
  <scenario:firebrigade scenario:location="4750" />
  <scenario:firebrigade scenario:location="7131" />
  <scenario:firebrigade scenario:location="25618" />
  <scenario:firebrigade scenario:location="25255" />
  <scenario:firebrigade scenario:location="926" />
  <scenario:firebrigade scenario:location="28592" />
  <scenario:firebrigade scenario:location="25952" />
  <scenario:firebrigade scenario:location="29702" />
  <scenario:firebrigade scenario:location="29290" />
  <scenario:firebrigade scenario:location="22979" />
  <scenario:firebrigade scenario:location="27160" />
  <scenario:firebrigade scenario:location="16531" />
  <scenario:firebrigade scenario:location="23248" />
  <scenario:firebrigade scenario:location="691" />
  <scenario:firebrigade scenario:location="5047" />
  <scenario:firebrigade scenario:location="25482" />
  <scenario:firebrigade scenario:location="22488" />
  <scenario:firebrigade scenario:location="7523" />
  <scenario:firebrigade scenario:location="26441" />
  <scenario:firebrigade scenario:location="27879" />
  <scenario:firebrigade scenario:location="27328" />
  <scenario:firebrigade scenario:location="5588" />
  <scenario:firebrigade scenario:location="24744" />
  <scenario:firebrigade scenario:location="23784" />
  <scenario:firebrigade scenario:location="24224" />
  <scenario:firebrigade scenario:location="28559" />
  <scenario:firebrigade scenario:location="29275" />
  <scenario:firebrigade scenario:location="24883" />
  <scenario:firebrigade scenario:location="27250" />
  <scenario:firebrigade scenario:location="22412" />
  <scenario:firebrigade scenario:location="28262" />
  <scenario:firebrigade scenario:location="23406" />
  <scenario:firebrigade scenario:location="24615" />
  <scenario:firebrigade scenario:location="24717" />
  <scenario:firebrigade scenario:location="27809" />
  <scenario:firebrigade scenario:location="28424" />
  <scenario:firestation scenario:location="4314" />
  <scenario:policeforce scenario:location="3801" />
  <scenario:policeforce scenario:location="22967" />
  <scenario:policeforce scenario:location="21795" />
  <scenario:policeforce scenario:location="18838" />
  <scenario:policeforce scenario:location="23024" />
  <scenario:policeforce scenario:location="2585" />
  <scenario:policeforce scenario:location="26214" />
  <scenario:policeforce scenario:location="25848" />
  <scenario:policeforce scenario:location="26513" />
  <scenario:policeforce scenario:location="24243" />
  <scenario:policeforce scenario:location="29331" />
  <scenario:policeforce scenario:location="29212" />
  <scenario:policeforce scenario:location="25609" />
  <scenario:policeforce scenario:location="23354" />
  <scenario:policeforce scenario:location="20144" />
  <scenario:policeforce scenario:location="3628" />
  <scenario:policeforce scenario:location="22820" />
  <scenario:policeforce scenario:location="14465" />
  <scenario:policeforce scenario:location="24750" />
  <scenario:policeforce scenario:location="29547" />
  <scenario:policeforce scenario:location="26872" />
  <scenario:policeforce scenario:location="22982" />
  <scenario:policeforce scenario:location="24726" />
  <scenario:policeforce scenario:location="27190" />
  <scenario:policeforce scenario:location="26118" />
  <scenario:policeforce scenario:location="23245" />
  <scenario:policeforce scenario:location="27313" />
  <scenario:policeforce scenario:location="27406" />
  <scenario:policeforce scenario:location="27382" />
  <scenario:policeforce scenario:location="27370" />
  <scenario:policeforce scenario:location="27424" />
  <scenario:policeforce scenario:location="28324" />
  <scenario:policeforce scenario:location="27637" />
  <scenario:policeforce scenario:location="27631" />
  <scenario:policeforce scenario:location="24456" />
  <scenario:policeforce scenario:location="27833" />
  <scenario:policeforce scenario:location="22622" />
  <scenario:policeforce scenario:location="29061" />
  <scenario:policeforce scenario:location="28550" />
  <scenario:policeforce scenario:location="29067" />
  <scenario:policeoffice scenario:location="138" />
  <scenario:ambulanceteam scenario:location="24188" />
  <scenario:ambulanceteam scenario:location="22019" />
  <scenario:ambulanceteam scenario:location="29514" />
  <scenario:ambulanceteam scenario:location="22796" />
  <scenario:ambulanceteam scenario:location="6800" />
  <scenario:ambulanceteam scenario:location="21860" />
  <scenario:ambulanceteam scenario:location="2084" />
  <scenario:ambulanceteam scenario:location="22988" />
  <scenario:ambulanceteam scenario:location="27915" />
  <scenario:ambulanceteam scenario:location="26866" />
  <scenario:ambulanceteam scenario:location="29316" />
  <scenario:ambulanceteam scenario:location="21913" />
  <scenario:ambulanceteam scenario:location="15433" />
  <scenario:ambulanceteam scenario:location="27163" />
  <scenario:ambulanceteam scenario:location="27172" />
  <scenario:ambulanceteam scenario:location="25732" />
  <scenario:ambulanceteam scenario:location="29609" />
  <scenario:ambulanceteam scenario:location="28333" />
  <scenario:ambulanceteam scenario:location="28342" />
  <scenario:ambulanceteam scenario:location="24960" />
  <scenario:ambulanceteam scenario:location="28586" />
  <scenario:ambulanceteam scenario:location="23933" />
  <scenario:ambulanceteam scenario:location="26648" />
  <scenario:ambulanceteam scenario:location="25665" />
  <scenario:ambulanceteam scenario:location="25675" />
  <scenario:ambulanceteam scenario:location="26327" />
  <scenario:ambulanceteam scenario:location="27583" />
  <scenario:ambulanceteam scenario:location="24591" />
  <scenario:ambulanceteam scenario:location="18622" />
  <scenario:ambulanceteam scenario:location="27710" />
  <scenario:ambulancecentre scenario:location="552" />
</scenario:scenario>