<?xml version="1.0" encoding="UTF-8"?>

<scenario:scenario xmlns:scenario="urn:roborescue:map:scenario">
  <scenario:refuge scenario:location="25393" scenario:bedCapacity="80" />
  <scenario:refuge scenario:location="56818" scenario:bedCapacity="80" />
  <scenario:refuge scenario:location="43155" scenario:bedCapacity="80" />
  <scenario:civilian scenario:location="32367" />
  <scenario:civilian scenario:location="64749" />
  <scenario:civilian scenario:location="47800" />
  <scenario:civilian scenario:location="50180" />
  <scenario:civilian scenario:location="45471" />
  <scenario:civilian scenario:location="28894" />
  <scenario:civilian scenario:location="64736" />
  <scenario:civilian scenario:location="19927" />
  <scenario:civilian scenario:location="64404" />
  <scenario:civilian scenario:location="64404" />
  <scenario:civilian scenario:location="33053" />
  <scenario:civilian scenario:location="19927" />
  <scenario:civilian scenario:location="37131" />
  <scenario:civilian scenario:location="64402" />
  <scenario:civilian scenario:location="64401" />
  <scenario:civilian scenario:location="14692" />
  <scenario:civilian scenario:location="46952" />
  <scenario:civilian scenario:location="64859" />
  <scenario:civilian scenario:location="63525" />
  <scenario:civilian scenario:location="64903" />
  <scenario:civilian scenario:location="64903" />
  <scenario:civilian scenario:location="64903" />
  <scenario:civilian scenario:location="59380" />
  <scenario:civilian scenario:location="59380" />
  <scenario:civilian scenario:location="47386" />
  <scenario:civilian scenario:location="47386" />
  <scenario:civilian scenario:location="44702" />
  <scenario:civilian scenario:location="44702" />
  <scenario:civilian scenario:location="64915" />
  <scenario:civilian scenario:location="63706" />
  <scenario:civilian scenario:location="63706" />
  <scenario:civilian scenario:location="63706" />
  <scenario:civilian scenario:location="47335" />
  <scenario:civilian scenario:location="59248" />
  <scenario:civilian scenario:location="59248" />
  <scenario:civilian scenario:location="61542" />
  <scenario:civilian scenario:location="52269" />
  <scenario:civilian scenario:location="41946" />
  <scenario:civilian scenario:location="41946" />
  <scenario:civilian scenario:location="62425" />
  <scenario:civilian scenario:location="26582" />
  <scenario:civilian scenario:location="32162" />
  <scenario:civilian scenario:location="58621" />
  <scenario:civilian scenario:location="55816" />
  <scenario:civilian scenario:location="63547" />
  <scenario:civilian scenario:location="63550" />
  <scenario:civilian scenario:location="58220" />
  <scenario:civilian scenario:location="63524" />
  <scenario:civilian scenario:location="63527" />
  <scenario:civilian scenario:location="63527" />
  <scenario:civilian scenario:location="64884" />
  <scenario:civilian scenario:location="63546" />
  <scenario:civilian scenario:location="63546" />
  <scenario:civilian scenario:location="63548" />
  <scenario:civilian scenario:location="63534" />
  <scenario:civilian scenario:location="64859" />
  <scenario:civilian scenario:location="26930" />
  <scenario:civilian scenario:location="34009" />
  <scenario:civilian scenario:location="47335" />
  <scenario:civilian scenario:location="47335" />
  <scenario:civilian scenario:location="32753" />
  <scenario:civilian scenario:location="34009" />
  <scenario:civilian scenario:location="34009" />
  <scenario:civilian scenario:location="61542" />
  <scenario:civilian scenario:location="41946" />
  <scenario:civilian scenario:location="63546" />
  <scenario:civilian scenario:location="63546" />
  <scenario:civilian scenario:location="63546" />
  <scenario:civilian scenario:location="63551" />
  <scenario:civilian scenario:location="63738" />
  <scenario:civilian scenario:location="64884" />
  <scenario:civilian scenario:location="64401" />
  <scenario:civilian scenario:location="28824" />
  <scenario:civilian scenario:location="59507" />
  <scenario:civilian scenario:location="59591" />
  <scenario:civilian scenario:location="59591" />
  <scenario:civilian scenario:location="64748" />
  <scenario:civilian scenario:location="64717" />
  <scenario:civilian scenario:location="56461" />
  <scenario:civilian scenario:location="56461" />
  <scenario:civilian scenario:location="59507" />
  <scenario:civilian scenario:location="59591" />
  <scenario:civilian scenario:location="59591" />
  <scenario:civilian scenario:location="36242" />
  <scenario:civilian scenario:location="36242" />
  <scenario:civilian scenario:location="45423" />
  <scenario:civilian scenario:location="14647" />
  <scenario:civilian scenario:location="32367" />
  <scenario:civilian scenario:location="32367" />
  <scenario:civilian scenario:location="64748" />
  <scenario:civilian scenario:location="63484" />
  <scenario:civilian scenario:location="64717" />
  <scenario:civilian scenario:location="40363" />
  <scenario:civilian scenario:location="63546" />
  <scenario:civilian scenario:location="63546" />
  <scenario:civilian scenario:location="40119" />
  <scenario:civilian scenario:location="61875" />
  <scenario:civilian scenario:location="32134" />
  <scenario:civilian scenario:location="19436" />
  <scenario:civilian scenario:location="32134" />
  <scenario:civilian scenario:location="35365" />
  <scenario:civilian scenario:location="18458" />
  <scenario:civilian scenario:location="61875" />
  <scenario:civilian scenario:location="13864" />
  <scenario:civilian scenario:location="13864" />
  <scenario:civilian scenario:location="57136" />
  <scenario:civilian scenario:location="57136" />
  <scenario:civilian scenario:location="15592" />
  <scenario:civilian scenario:location="58908" />
  <scenario:civilian scenario:location="34423" />
  <scenario:civilian scenario:location="37508" />
  <scenario:civilian scenario:location="34717" />
  <scenario:civilian scenario:location="64126" />
  <scenario:civilian scenario:location="34717" />
  <scenario:civilian scenario:location="25809" />
  <scenario:civilian scenario:location="27126" />
  <scenario:civilian scenario:location="51905" />
  <scenario:civilian scenario:location="51905" />
  <scenario:civilian scenario:location="63185" />
  <scenario:civilian scenario:location="41392" />
  <scenario:civilian scenario:location="41392" />
  <scenario:civilian scenario:location="35365" />
  <scenario:civilian scenario:location="35365" />
  <scenario:civilian scenario:location="38230" />
  <scenario:civilian scenario:location="38230" />
  <scenario:civilian scenario:location="31255" />
  <scenario:civilian scenario:location="18931" />
  <scenario:civilian scenario:location="25110" />
  <scenario:civilian scenario:location="25110" />
  <scenario:civilian scenario:location="25110" />
  <scenario:civilian scenario:location="5925" />
  <scenario:civilian scenario:location="25809" />
  <scenario:civilian scenario:location="34717" />
  <scenario:civilian scenario:location="47306" />
  <scenario:civilian scenario:location="34717" />
  <scenario:civilian scenario:location="21182" />
  <scenario:civilian scenario:location="21182" />
  <scenario:civilian scenario:location="55733" />
  <scenario:civilian scenario:location="55733" />
  <scenario:civilian scenario:location="18458" />
  <scenario:civilian scenario:location="29145" />
  <scenario:civilian scenario:location="27126" />
  <scenario:civilian scenario:location="27126" />
  <scenario:civilian scenario:location="13360" />
  <scenario:civilian scenario:location="6768" />
  <scenario:civilian scenario:location="33954" />
  <scenario:civilian scenario:location="27126" />
  <scenario:civilian scenario:location="27126" />
  <scenario:civilian scenario:location="51831" />
  <scenario:civilian scenario:location="51905" />
  <scenario:civilian scenario:location="38285" />
  <scenario:civilian scenario:location="27126" />
  <scenario:civilian scenario:location="52027" />
  <scenario:civilian scenario:location="15727" />
  <scenario:civilian scenario:location="64639" />
  <scenario:civilian scenario:location="13486" />
  <scenario:civilian scenario:location="64099" />
  <scenario:civilian scenario:location="34717" />
  <scenario:civilian scenario:location="41392" />
  <scenario:civilian scenario:location="55275" />
  <scenario:civilian scenario:location="56148" />
  <scenario:civilian scenario:location="38285" />
  <scenario:civilian scenario:location="8176" />
  <scenario:civilian scenario:location="48479" />
  <scenario:civilian scenario:location="65127" />
  <scenario:civilian scenario:location="65123" />
  <scenario:civilian scenario:location="38506" />
  <scenario:civilian scenario:location="56369" />
  <scenario:civilian scenario:location="46074" />
  <scenario:civilian scenario:location="26075" />
  <scenario:civilian scenario:location="56851" />
  <scenario:civilian scenario:location="25063" />
  <scenario:civilian scenario:location="57705" />
  <scenario:civilian scenario:location="58289" />
  <scenario:civilian scenario:location="29235" />
  <scenario:civilian scenario:location="46408" />
  <scenario:civilian scenario:location="20613" />
  <scenario:civilian scenario:location="56400" />
  <scenario:civilian scenario:location="48500" />
  <scenario:civilian scenario:location="22247" />
  <scenario:civilian scenario:location="22247" />
  <scenario:civilian scenario:location="18343" />
  <scenario:civilian scenario:location="24601" />
  <scenario:civilian scenario:location="24601" />
  <scenario:civilian scenario:location="27555" />
  <scenario:civilian scenario:location="26075" />
  <scenario:civilian scenario:location="28285" />
  <scenario:civilian scenario:location="61008" />
  <scenario:civilian scenario:location="61008" />
  <scenario:civilian scenario:location="53000" />
  <scenario:civilian scenario:location="53000" />
  <scenario:civilian scenario:location="53573" />
  <scenario:civilian scenario:location="45744" />
  <scenario:civilian scenario:location="45744" />
  <scenario:civilian scenario:location="56851" />
  <scenario:civilian scenario:location="57705" />
  <scenario:civilian scenario:location="38506" />
  <scenario:civilian scenario:location="38506" />
  <scenario:civilian scenario:location="38506" />
  <scenario:civilian scenario:location="38506" />
  <scenario:civilian scenario:location="38506" />
  <scenario:civilian scenario:location="38506" />
  <scenario:civilian scenario:location="38506" />
  <scenario:civilian scenario:location="38506" />
  <scenario:civilian scenario:location="38506" />
  <scenario:civilian scenario:location="48479" />
  <scenario:civilian scenario:location="48479" />
  <scenario:civilian scenario:location="48479" />
  <scenario:civilian scenario:location="48479" />
  <scenario:civilian scenario:location="48479" />
  <scenario:civilian scenario:location="48479" />
  <scenario:civilian scenario:location="48479" />
  <scenario:civilian scenario:location="48479" />
  <scenario:civilian scenario:location="48479" />
  <scenario:civilian scenario:location="58289" />
  <scenario:civilian scenario:location="58289" />
  <scenario:civilian scenario:location="58289" />
  <scenario:civilian scenario:location="58289" />
  <scenario:civilian scenario:location="58289" />
  <scenario:civilian scenario:location="58289" />
  <scenario:civilian scenario:location="58289" />
  <scenario:civilian scenario:location="58289" />
  <scenario:civilian scenario:location="58289" />
  <scenario:civilian scenario:location="26075" />
  <scenario:civilian scenario:location="26075" />
  <scenario:civilian scenario:location="26075" />
  <scenario:civilian scenario:location="27555" />
  <scenario:civilian scenario:location="27555" />
  <scenario:civilian scenario:location="27555" />
  <scenario:civilian scenario:location="38816" />
  <scenario:civilian scenario:location="38816" />
  <scenario:civilian scenario:location="38816" />
  <scenario:civilian scenario:location="38816" />
  <scenario:civilian scenario:location="38816" />
  <scenario:civilian scenario:location="38816" />
  <scenario:civilian scenario:location="38816" />
  <scenario:civilian scenario:location="38816" />
  <scenario:civilian scenario:location="38816" />
  <scenario:civilian scenario:location="56369" />
  <scenario:civilian scenario:location="56369" />
  <scenario:civilian scenario:location="56369" />
  <scenario:civilian scenario:location="56369" />
  <scenario:civilian scenario:location="65127" />
  <scenario:civilian scenario:location="65127" />
  <scenario:civilian scenario:location="65123" />
  <scenario:civilian scenario:location="65123" />
  <scenario:civilian scenario:location="65123" />
  <scenario:firebrigade scenario:location="15457" />
  <scenario:firebrigade scenario:location="15457" />
  <scenario:firebrigade scenario:location="15457" />
  <scenario:firebrigade scenario:location="15457" />
  <scenario:firebrigade scenario:location="15457" />
  <scenario:firebrigade scenario:location="15457" />
  <scenario:firebrigade scenario:location="15457" />
  <scenario:firebrigade scenario:location="15457" />
  <scenario:firebrigade scenario:location="15457" />
  <scenario:firebrigade scenario:location="15457" />
  <scenario:firebrigade scenario:location="15457" />
  <scenario:firebrigade scenario:location="15457" />
  <scenario:firebrigade scenario:location="15457" />
  <scenario:firebrigade scenario:location="15457" />
  <scenario:firebrigade scenario:location="15457" />
  <scenario:firebrigade scenario:location="15457" />
  <scenario:firebrigade scenario:location="15457" />
  <scenario:firebrigade scenario:location="15457" />
  <scenario:firebrigade scenario:location="15457" />
  <scenario:firebrigade scenario:location="15457" />
  <scenario:firebrigade scenario:location="15457" />
  <scenario:firebrigade scenario:location="15457" />
  <scenario:firebrigade scenario:location="15457" />
  <scenario:firebrigade scenario:location="15457" />
  <scenario:firebrigade scenario:location="15457" />
  <scenario:firebrigade scenario:location="15457" />
  <scenario:firebrigade scenario:location="15457" />
  <scenario:firebrigade scenario:location="15457" />
  <scenario:firebrigade scenario:location="15457" />
  <scenario:firebrigade scenario:location="15457" />
  <scenario:firebrigade scenario:location="15457" />
  <scenario:firebrigade scenario:location="15457" />
  <scenario:firebrigade scenario:location="15457" />
  <scenario:firebrigade scenario:location="15457" />
  <scenario:firebrigade scenario:location="15457" />
  <scenario:firebrigade scenario:location="15457" />
  <scenario:firebrigade scenario:location="15457" />
  <scenario:firebrigade scenario:location="15457" />
  <scenario:firebrigade scenario:location="15457" />
  <scenario:firebrigade scenario:location="15457" />
  <scenario:firebrigade scenario:location="15457" />
  <scenario:firebrigade scenario:location="15457" />
  <scenario:firebrigade scenario:location="15457" />
  <scenario:firebrigade scenario:location="15457" />
  <scenario:firebrigade scenario:location="15457" />
  <scenario:firebrigade scenario:location="15457" />
  <scenario:policeforce scenario:location="8572" />
  <scenario:policeforce scenario:location="8572" />
  <scenario:policeforce scenario:location="8572" />
  <scenario:policeforce scenario:location="8572" />
  <scenario:policeforce scenario:location="8572" />
  <scenario:policeforce scenario:location="8572" />
  <scenario:policeforce scenario:location="8572" />
  <scenario:policeforce scenario:location="8572" />
  <scenario:policeforce scenario:location="8572" />
  <scenario:policeforce scenario:location="53369" />
  <scenario:ambulanceteam scenario:location="18220" />
  <scenario:ambulanceteam scenario:location="18220" />
  <scenario:ambulanceteam scenario:location="18220" />
  <scenario:ambulanceteam scenario:location="18220" />
  <scenario:ambulanceteam scenario:location="18220" />
  <scenario:ambulanceteam scenario:location="18220" />
  <scenario:ambulanceteam scenario:location="18220" />
  <scenario:ambulanceteam scenario:location="18220" />
  <scenario:ambulanceteam scenario:location="18220" />
  <scenario:ambulanceteam scenario:location="18220" />
  <scenario:ambulanceteam scenario:location="8572" />
  <scenario:ambulanceteam scenario:location="8572" />
  <scenario:ambulanceteam scenario:location="8572" />
  <scenario:ambulanceteam scenario:location="8572" />
  <scenario:ambulanceteam scenario:location="8572" />
  <scenario:ambulanceteam scenario:location="8572" />
  <scenario:ambulanceteam scenario:location="8572" />
  <scenario:ambulanceteam scenario:location="8572" />
  <scenario:ambulanceteam scenario:location="8572" />
  <scenario:ambulanceteam scenario:location="8572" />
  <scenario:ambulanceteam scenario:location="7330" />
  <scenario:ambulanceteam scenario:location="7330" />
  <scenario:ambulanceteam scenario:location="7330" />
  <scenario:ambulanceteam scenario:location="7330" />
  <scenario:ambulanceteam scenario:location="7330" />
  <scenario:ambulanceteam scenario:location="7330" />
  <scenario:ambulanceteam scenario:location="7330" />
  <scenario:ambulanceteam scenario:location="7330" />
</scenario:scenario>